Cow 1,Cow 2,Cow 3,Cow 4,Cow 5,Cow 6,Cow 7,Cow 8,Cow 9,Cow 10
L,L,L,L,L,L,L,L,L,L
L,L,L,L,L,L,L,L,L,L
L,L,L,L,L,L,L,L,L,L
L,L,L,L,L,L,L,L,L,L
L,L,L,L,L,L,L,L,L,L
L,L,L,L,L,L,L,L,L,L
L,L,L,L,L,L,L,L,L,L
L,L,L,L,L,L,L,L,L,L
L,L,L,L,L,L,L,L,L,L
L,L,L,L,L,L,L,L,L,L
L,L,L,L,L,L,L,L,L,L
L,L,L,L,L,L,L,L,L,L
L,L,L,L,L,L,L,L,L,L
L,L,L,L,L,L,L,L,L,L
L,L,L,L,L,L,L,L,L,L
L,L,L,L,L,L,L,L,L,L
L,L,L,L,L,L,L,L,L,L
L,L,L,L,L,L,L,L,L,L
L,L,L,L,L,L,L,L,L,L
L,L,L,L,L,L,L,L,L,L
L,L,L,L,L,L,L,L,L,L
L,L,L,L,L,L,L,L,L,L
L,L,L,L,L,L,L,L,L,L
L,L,L,L,L,L,L,L,L,L
L,L,L,L,L,L,L,L,L,L
L,L,L,L,L,L,L,L,L,L
L,L,L,L,L,L,L,L,L,L
L,L,L,L,L,L,L,L,L,L
L,L,L,L,L,L,L,L,L,L
L,L,L,L,L,L,L,L,L,L
L,L,L,L,L,L,L,L,L,L
L,L,L,L,L,L,L,L,L,L
L,L,L,L,L,L,L,L,L,L
L,L,L,L,L,L,L,L,L,L
L,L,L,L,L,L,L,L,L,L
L,L,L,L,L,L,L,L,L,L
L,L,L,L,L,L,L,L,L,L
L,L,L,L,L,L,L,L,L,L
L,L,L,L,L,L,L,L,L,L
L,L,L,L,L,L,L,L,L,L
L,L,L,L,L,L,L,L,L,L
L,L,L,L,L,L,L,L,L,L
L,L,L,L,L,L,L,L,L,L
L,L,L,L,L,L,L,L,L,L
L,L,L,L,L,L,L,L,L,L
L,L,L,L,L,L,L,L,L,L
L,L,L,L,L,L,L,L,L,L
L,L,L,L,L,L,L,L,L,L
L,L,L,L,L,L,L,L,L,L
L,L,L,L,L,L,L,L,L,L
L,L,L,L,L,L,L,L,L,L
L,L,L,L,L,L,L,L,L,L
L,L,L,L,L,L,L,L,L,L
L,L,L,L,L,L,L,L,L,L
L,L,L,L,L,L,L,L,L,L
L,L,L,L,L,L,L,L,L,L
L,L,L,L,L,L,L,L,L,L
L,L,L,L,L,L,L,L,L,L
L,L,L,L,L,L,L,L,L,L
L,L,L,L,L,L,L,L,L,L
L,L,L,L,L,L,L,L,L,L
L,L,L,L,L,L,L,L,L,L
L,L,L,L,L,L,L,L,L,L
L,L,L,L,L,L,L,L,L,L
L,L,L,L,L,L,L,L,L,L
L,L,L,L,L,L,L,L,L,L
L,L,L,L,L,L,L,L,L,L
L,L,L,L,L,L,L,L,L,L
L,L,L,L,L,L,L,L,L,L
L,L,L,L,L,L,L,L,L,L
L,L,L,L,L,L,L,L,L,L
L,L,L,L,L,L,L,L,L,L
L,L,L,L,L,L,L,L,L,L
L,L,L,L,L,L,L,L,L,L
L,L,L,L,L,L,L,L,L,L
L,L,L,L,L,L,L,L,L,L
L,L,L,L,L,L,L,L,L,L
L,L,L,L,L,L,L,L,L,L
L,L,L,L,L,L,L,L,L,L
L,L,L,L,L,L,L,L,L,L
L,L,L,L,L,L,L,L,L,L
L,L,L,L,L,L,L,L,L,L
L,L,L,L,L,L,L,L,L,L
L,L,L,L,L,L,L,L,L,L
L,L,L,L,L,L,L,L,L,L
L,L,L,L,L,L,L,L,L,L
L,L,L,L,L,L,L,L,L,L
L,L,L,L,L,L,L,L,L,L
L,L,L,L,L,L,L,L,L,L
L,L,L,L,L,L,L,L,L,L
L,L,L,L,L,L,L,L,L,L
L,L,L,L,L,L,L,L,L,L
L,L,L,L,L,L,L,L,L,L
L,L,L,L,L,L,L,L,L,L
L,L,L,L,L,L,L,L,L,L
L,L,L,L,L,L,L,L,L,L
L,L,L,L,L,L,L,L,L,L
L,L,L,L,L,L,L,L,L,L
L,L,L,L,L,L,L,L,L,L
L,L,L,L,L,L,L,L,L,L
L,L,L,L,L,L,L,L,L,L
L,L,L,L,L,L,L,L,L,L
L,L,L,L,L,L,L,L,L,L
L,L,L,L,L,L,L,L,L,L
L,L,L,L,L,L,L,L,L,L
L,L,L,L,L,L,L,L,L,L
L,L,L,L,L,L,L,L,L,L
L,L,L,L,L,L,L,L,L,L
L,L,L,L,L,L,L,L,L,L
L,L,L,L,L,L,L,L,L,L
L,L,L,L,L,L,L,L,L,L
L,L,L,L,L,L,L,L,L,L
L,L,L,L,L,L,L,L,L,L
L,L,L,L,L,L,L,L,L,L
L,L,L,L,L,L,L,L,L,L
L,L,L,L,L,L,L,L,L,L
L,L,L,L,L,L,L,L,L,L
L,L,L,L,L,L,L,L,L,L
L,L,L,L,L,L,L,L,L,L
L,L,L,L,L,L,L,L,L,L
L,L,L,L,L,L,L,L,L,L
L,L,L,L,L,L,L,L,L,L
L,L,L,L,L,L,L,L,L,L
L,L,L,L,L,L,L,L,L,L
L,L,L,L,L,L,L,L,L,L
L,L,L,L,L,L,L,L,L,L
L,L,L,L,L,L,L,L,L,L
L,L,L,L,L,L,L,L,L,L
L,L,L,L,L,L,L,L,L,L
L,L,L,L,L,L,L,L,L,L
L,L,L,L,L,L,L,L,L,L
L,L,L,L,L,L,L,L,L,L
L,L,L,L,L,L,L,L,L,L
L,L,L,L,L,L,L,L,L,L
L,L,L,L,L,L,L,L,L,L
L,L,L,L,L,L,L,L,L,L
L,L,L,L,L,L,L,L,L,L
L,L,L,L,L,L,L,L,L,L
L,L,L,L,L,L,L,L,L,L
L,L,L,L,L,L,L,L,L,L
L,L,L,L,L,L,L,L,L,L
L,L,L,L,L,L,L,L,L,L
L,L,L,L,L,L,L,L,L,L
L,L,L,L,L,L,L,L,L,L
L,L,L,L,L,L,L,L,L,L
L,L,L,L,L,L,L,L,L,L
L,L,L,L,L,L,L,L,L,L
L,L,L,L,L,L,L,L,L,L
L,L,L,L,L,L,L,L,L,L
L,L,L,L,L,L,L,L,L,L
L,L,L,L,L,L,L,L,L,L
L,L,L,L,L,L,L,L,L,L
L,L,L,L,L,L,L,L,L,L
L,L,L,L,L,L,L,L,L,L
L,L,L,L,L,L,L,L,L,L
L,L,L,L,L,L,L,L,L,L
L,L,L,L,L,L,L,L,L,L
L,L,L,L,L,L,L,L,L,L
L,L,L,L,L,L,L,L,L,L
L,L,L,L,L,L,L,L,L,L
L,L,L,L,L,L,L,L,L,L
L,L,L,L,L,L,L,L,L,L
L,L,L,L,L,L,L,L,L,L
L,L,L,L,L,L,L,L,L,L
L,L,L,L,L,L,L,L,L,L
L,L,L,L,L,L,L,L,L,L
L,L,L,L,L,L,L,L,L,L
L,L,L,L,L,L,L,L,L,L
L,L,L,L,L,L,L,L,L,L
L,L,L,L,L,L,L,L,L,L
L,L,L,L,L,L,L,L,L,L
L,L,L,L,L,L,L,L,L,L
L,L,L,L,L,L,L,L,L,L
L,L,L,L,L,L,L,L,L,L
L,L,L,L,L,L,L,L,L,L
L,L,L,L,L,L,L,L,L,L
L,L,L,L,L,L,L,L,L,L
L,L,L,L,L,L,L,L,L,L
L,L,L,L,L,L,L,L,L,L
L,L,L,L,L,L,L,L,L,L
L,L,L,L,L,L,L,L,L,L
L,L,L,L,L,L,L,L,L,L
L,L,L,L,L,L,L,L,L,L
L,L,L,L,L,L,L,L,L,L
L,L,L,L,L,L,L,L,L,L
L,L,L,L,L,L,L,L,L,L
L,L,L,L,L,L,L,L,L,L
L,L,L,L,L,L,L,L,L,L
L,L,L,L,L,L,L,L,L,L
L,L,L,L,L,L,L,L,L,L
L,L,L,L,L,L,L,L,L,L
L,L,L,L,L,L,L,L,L,L
L,L,L,L,L,L,L,L,L,L
L,L,L,L,L,L,L,L,L,L
L,L,L,L,L,L,L,L,L,L
L,L,L,L,L,L,L,L,L,L
L,L,L,L,L,L,L,L,L,L
L,L,L,L,L,L,L,L,L,L
L,L,L,L,L,L,L,L,L,L
L,L,L,L,L,L,L,L,L,L
L,L,L,L,L,L,L,L,L,L
L,L,L,L,L,L,L,L,L,L
L,L,L,L,L,L,L,L,L,L
L,L,L,L,L,L,L,L,L,L
L,L,L,L,L,L,L,L,L,L
L,L,L,L,L,L,L,L,L,L
L,L,L,L,L,L,L,L,L,L
L,L,L,L,L,L,L,L,L,L
L,L,L,L,L,L,L,L,L,L
L,L,L,L,L,L,L,L,L,L
L,L,L,L,L,L,L,L,L,L
L,L,L,L,L,L,L,L,L,L
L,L,L,L,L,L,L,L,L,L
L,L,L,L,L,L,L,L,L,L
L,L,L,L,L,L,L,L,L,L
L,L,L,L,L,L,L,L,L,L
L,L,L,L,L,L,L,L,L,L
L,L,L,L,L,L,L,L,L,L
L,L,L,L,L,L,L,L,L,L
L,L,L,L,L,L,L,L,L,L
L,L,L,L,L,L,L,L,L,L
L,L,L,L,L,L,L,L,L,L
L,L,L,L,L,L,L,L,L,L
L,L,L,L,L,L,L,L,L,L
L,L,L,L,L,L,L,L,L,L
L,L,L,L,L,L,L,L,L,L
L,L,L,L,L,L,L,L,L,L
L,L,L,L,L,L,L,L,L,L
L,L,L,L,L,L,L,L,L,L
L,L,L,L,L,L,L,L,L,L
L,L,L,L,L,L,L,L,L,L
L,L,L,L,L,L,L,L,L,L
L,L,L,L,L,L,L,L,L,L
L,L,L,L,L,L,L,L,L,L
L,L,L,L,L,L,L,L,L,L
L,L,L,L,L,L,L,L,L,L
L,L,L,L,L,L,L,L,L,L
L,L,L,L,L,L,L,L,L,L
L,L,L,L,L,L,L,L,L,L
L,L,L,L,L,L,L,L,L,L
L,L,L,L,L,L,L,L,L,L
L,L,L,L,L,L,L,L,L,L
L,L,L,L,L,L,L,L,L,L
L,L,L,L,L,L,L,L,L,L
L,L,L,L,L,L,L,L,L,L
L,L,L,L,L,L,L,L,L,L
L,L,L,L,L,L,L,L,L,L
L,L,L,L,L,L,L,L,L,L
L,L,L,L,L,L,L,L,L,L
L,L,L,L,L,L,L,L,L,L
L,L,L,L,L,L,L,L,L,L
L,L,L,L,L,L,L,L,L,L
L,L,L,L,L,L,L,L,L,L
L,L,L,L,L,L,L,L,L,L
L,L,L,L,L,L,L,L,L,L
L,L,L,L,L,L,L,L,L,L
L,L,L,L,L,L,L,L,L,L
L,L,L,L,L,L,L,L,L,L
L,L,L,L,L,L,L,L,L,L
L,L,L,L,L,L,L,L,L,L
L,L,L,L,L,L,L,L,L,L
L,L,L,L,L,L,L,L,L,L
L,L,L,L,L,L,L,L,L,L
L,L,L,L,L,L,L,L,L,L
L,L,L,L,L,L,L,L,L,L
L,L,L,L,L,L,L,L,L,L
L,L,L,L,L,L,L,L,L,L
L,L,L,L,L,L,L,L,L,L
L,L,L,L,L,L,L,L,L,L
L,L,L,L,L,L,L,L,L,L
L,L,L,L,L,L,L,L,L,L
L,L,L,L,L,L,L,L,L,L
L,L,L,L,L,L,L,L,L,L
L,L,L,L,L,L,L,L,L,L
L,L,L,L,L,L,L,L,L,L
L,L,L,L,L,L,L,L,L,L
L,L,L,L,L,L,L,L,L,L
L,L,L,L,L,L,L,L,L,L
L,L,L,L,L,L,L,L,L,L
L,L,L,L,L,L,L,L,L,L
L,L,L,L,L,L,L,L,L,L
L,L,L,L,L,L,L,L,L,L
L,L,L,L,L,L,L,L,L,L
L,L,L,L,L,L,L,L,L,L
L,L,L,L,L,L,L,L,L,L
L,L,L,L,L,L,L,L,L,L
L,L,L,L,L,L,L,L,L,L
L,L,L,L,L,L,L,L,L,L
L,L,L,L,L,L,L,L,L,L
L,L,L,L,L,L,L,L,L,L
L,L,L,L,L,L,L,L,L,L
L,L,L,L,L,L,L,L,L,L
L,L,L,L,L,L,L,L,L,L
L,L,L,L,L,L,L,L,L,L
L,L,L,L,L,L,L,L,L,L
L,L,L,L,L,L,L,L,L,L
L,L,L,L,L,L,L,L,L,L
L,L,L,L,L,L,L,L,L,L
L,L,L,L,L,L,L,L,L,L
L,L,L,L,L,L,L,L,L,L
E,E,E,E,E,E,E,E,E,E
E,E,E,E,E,E,E,E,E,E
E,E,E,E,E,E,E,E,E,E
E,E,E,E,E,E,E,E,E,E
E,E,E,E,E,E,E,E,E,E
E,E,E,E,E,E,E,E,E,E
E,E,E,E,E,E,E,E,E,E
E,E,E,E,E,E,E,E,E,E
E,E,E,E,E,E,E,E,E,E
E,E,E,E,E,E,E,E,E,E
E,E,E,E,E,E,E,E,E,E
E,E,E,E,E,E,E,E,E,E
E,E,E,E,E,E,E,E,E,E
E,E,E,E,E,E,E,E,E,E
E,E,E,E,E,E,E,E,E,E
E,E,E,E,E,E,E,E,E,E
E,E,E,E,E,E,E,E,E,E
E,E,E,E,E,E,E,E,E,E
E,E,E,E,E,E,E,E,E,E
E,E,E,E,E,E,E,E,E,E
E,E,E,E,E,E,E,E,E,E
E,E,E,E,E,E,E,E,E,E
E,E,E,E,E,E,E,E,E,E
E,E,E,E,E,E,E,E,E,E
E,E,E,E,E,E,E,E,E,E
E,E,E,E,E,E,E,E,E,E
E,E,E,E,E,E,E,E,E,E
E,E,E,E,E,E,E,E,E,E
E,E,E,E,E,E,E,E,E,E
E,E,E,E,E,E,E,E,E,E
E,E,E,E,E,E,E,E,E,E
E,E,E,E,E,E,E,E,E,E
E,E,E,E,E,E,E,E,E,E
E,E,E,E,E,E,E,E,E,E
E,E,E,E,E,E,E,E,E,E
E,E,E,E,E,E,E,E,E,E
E,E,E,E,E,E,E,E,E,E
E,E,E,E,E,E,E,E,E,E
E,E,E,E,E,E,E,E,E,E
E,E,E,E,E,E,E,E,E,E
E,E,E,E,E,E,E,E,E,E
E,E,E,E,E,E,E,E,E,E
E,E,E,E,E,E,E,E,E,E
E,E,E,E,E,E,E,E,E,E
E,E,E,E,E,E,E,E,E,E
E,E,E,E,E,E,E,E,E,E
E,E,E,E,E,E,E,E,E,E
E,E,E,E,E,E,E,E,E,E
E,E,E,E,E,E,E,E,E,E
E,E,E,E,E,E,E,E,E,E
E,E,E,E,E,E,E,E,E,E
E,E,E,E,E,E,E,E,E,E
E,E,E,E,E,E,E,E,E,E
E,E,E,E,E,E,E,E,E,E
E,E,E,E,E,E,E,E,E,E
E,E,E,E,E,E,E,E,E,E
E,E,E,E,E,E,E,E,E,E
E,E,E,E,E,E,E,E,E,E
E,E,E,E,E,E,E,E,E,E
E,E,E,E,E,E,E,E,E,E
E,E,S,E,E,E,E,E,E,E
E,E,S,E,E,E,E,E,E,E
E,E,S,E,E,E,E,E,E,E
E,E,S,E,E,E,E,E,E,E
E,E,S,E,E,E,E,E,E,E
E,E,S,E,E,E,E,E,E,E
E,E,S,E,E,E,E,E,E,E
E,E,S,E,E,E,E,E,E,E
E,E,S,E,E,E,E,E,E,E
E,E,S,E,E,E,E,E,E,E
E,E,S,E,E,E,E,E,E,E
E,E,S,E,E,E,E,E,E,E
E,E,S,E,E,E,E,E,E,E
E,E,S,E,E,E,E,E,E,E
E,E,S,E,E,E,E,E,E,E
E,E,S,E,E,E,E,E,E,E
E,E,S,E,E,E,E,E,E,E
E,E,S,E,E,E,E,E,E,E
E,E,S,E,E,E,E,E,E,E
E,E,S,E,E,E,E,E,E,E
E,E,S,E,E,E,E,E,E,E
E,E,S,E,E,E,E,E,E,E
E,E,S,E,E,E,E,E,E,E
E,E,S,E,E,E,E,E,E,E
E,E,S,E,E,E,E,E,E,E
E,E,S,E,E,E,E,E,E,E
E,E,S,E,E,E,E,E,E,E
E,E,S,E,E,E,E,E,E,E
E,E,S,E,E,E,E,E,E,E
E,E,S,E,E,E,E,E,E,E
E,E,S,E,E,E,E,E,E,E
E,E,S,E,E,E,E,E,E,E
E,E,S,E,E,E,E,E,E,E
E,E,S,E,E,E,E,E,E,E
E,E,S,E,E,E,E,E,E,E
E,E,S,E,E,E,E,E,E,E
E,E,S,E,E,E,E,E,E,E
E,E,S,E,E,E,E,E,E,E
E,E,S,E,E,E,E,E,E,E
E,E,S,E,E,E,E,E,E,E
E,E,S,E,E,E,E,E,E,E
E,E,S,E,E,E,E,E,E,E
E,E,S,E,E,E,E,E,E,E
E,E,S,E,E,E,E,E,E,E
E,E,S,E,E,E,E,E,E,E
E,E,S,E,E,E,E,E,E,E
E,E,S,E,E,E,E,E,E,E
E,E,S,E,E,E,E,E,E,E
E,E,S,E,E,E,E,E,E,E
E,E,S,E,E,E,E,E,E,E
E,E,S,E,E,E,E,E,E,E
E,E,S,E,E,E,E,E,E,E
E,E,S,E,E,E,E,E,E,E
E,E,S,E,E,E,E,E,E,E
E,E,S,E,E,E,E,E,E,E
E,E,S,E,E,E,E,E,E,E
E,E,S,E,E,E,E,E,E,E
E,E,S,E,E,E,E,E,E,E
E,E,S,E,E,E,E,E,E,E
E,E,S,E,E,E,E,E,E,E
S,E,S,E,S,E,S,L,S,E
S,E,S,E,S,E,S,L,S,E
S,E,S,E,S,E,S,L,S,E
S,E,S,E,S,E,S,L,S,E
S,E,S,E,S,E,S,L,S,E
S,E,S,E,S,E,S,L,S,E
S,E,S,E,S,E,S,L,S,E
S,E,S,E,S,E,S,L,S,E
S,E,S,E,S,E,S,L,S,E
S,E,S,E,S,E,S,L,S,E
S,E,S,E,S,E,S,L,S,E
S,E,S,E,S,E,S,L,S,E
S,E,S,E,S,E,S,L,S,E
S,E,S,E,S,E,S,L,S,E
S,E,S,E,S,E,S,L,S,E
S,E,S,E,S,E,S,L,S,E
S,E,S,E,S,E,S,L,S,E
S,E,S,E,S,E,S,L,S,E
S,E,S,E,S,E,S,L,S,E
S,E,S,E,S,E,S,L,S,E
S,E,S,E,S,E,S,L,S,E
S,E,S,E,S,E,S,L,S,E
S,E,S,E,S,E,S,L,S,E
S,E,S,E,S,E,S,L,S,E
S,E,S,E,S,E,S,L,S,E
S,E,S,E,S,E,S,L,S,E
S,E,S,E,S,E,S,L,S,E
S,E,S,E,S,E,S,L,S,E
S,E,S,E,S,E,S,L,S,E
S,E,S,E,S,E,S,L,S,E
S,E,S,E,S,E,S,L,S,E
S,E,S,E,S,E,S,L,S,E
S,E,S,E,S,E,S,L,S,E
S,E,S,E,S,E,S,L,S,E
S,E,S,E,S,E,S,L,S,E
S,E,S,E,S,E,S,L,S,E
S,E,S,E,S,E,S,L,S,E
S,E,S,E,S,E,S,L,S,E
S,E,S,E,S,E,S,L,S,E
S,E,S,E,S,E,S,L,S,E
S,E,S,E,S,E,S,L,S,E
S,E,S,E,S,E,S,L,S,E
S,E,S,E,S,E,S,L,S,E
S,E,S,E,S,E,S,L,S,E
S,E,S,E,S,E,S,L,S,E
S,E,S,E,S,E,S,L,S,E
S,E,S,E,S,E,S,L,S,E
S,E,S,E,S,E,S,L,S,E
S,E,S,E,S,E,S,L,S,E
S,E,S,E,S,E,S,L,S,E
S,E,S,E,S,E,S,L,S,E
S,E,S,E,S,E,S,L,S,E
S,E,S,E,S,E,S,L,S,E
S,E,S,E,S,E,S,L,S,E
S,E,S,E,S,E,S,L,S,E
S,E,S,E,S,E,S,L,S,E
S,E,S,E,S,E,S,L,S,E
S,E,S,E,S,E,S,L,S,E
S,E,S,E,S,E,S,L,S,E
S,E,S,E,S,E,S,L,S,E
E,E,S,E,S,L,E,L,S,S
E,E,S,E,S,L,E,L,S,S
E,E,S,E,S,L,E,L,S,S
E,E,S,E,S,L,E,L,S,S
E,E,S,E,S,L,E,L,S,S
E,E,S,E,S,L,E,L,S,S
E,E,S,E,S,L,E,L,S,S
E,E,S,E,S,L,E,L,S,S
E,E,S,E,S,L,E,L,S,S
E,E,S,E,S,L,E,L,S,S
E,E,S,E,S,L,E,L,S,S
E,E,S,E,S,L,E,L,S,S
E,E,S,E,S,L,E,L,S,S
E,E,S,E,S,L,E,L,S,S
E,E,S,E,S,L,E,L,S,S
E,E,S,E,S,L,E,L,S,S
E,E,S,E,S,L,E,L,S,S
E,E,S,E,S,L,E,L,S,S
E,E,S,E,S,L,E,L,S,S
E,E,S,E,S,L,E,L,S,S
E,E,S,E,S,L,E,L,S,S
E,E,S,E,S,L,E,L,S,S
E,E,S,E,S,L,E,L,S,S
E,E,S,E,S,L,E,L,S,S
E,E,S,E,S,L,E,L,S,S
E,E,S,E,S,L,E,L,S,S
E,E,S,E,S,L,E,L,S,S
E,E,S,E,S,L,E,L,S,S
E,E,S,E,S,L,E,L,S,S
E,E,S,E,S,L,E,L,S,S
E,E,S,E,S,L,E,L,S,S
E,E,S,E,S,L,E,L,S,S
E,E,S,E,S,L,E,L,S,S
E,E,S,E,S,L,E,L,S,S
E,E,S,E,S,L,E,L,S,S
E,E,S,E,S,L,E,L,S,S
E,E,S,E,S,L,E,L,S,S
E,E,S,E,S,L,E,L,S,S
E,E,S,E,S,L,E,L,S,S
E,E,S,E,S,L,E,L,S,S
E,E,S,E,S,L,E,L,S,S
E,E,S,E,S,L,E,L,S,S
E,E,S,E,S,L,E,L,S,S
E,E,S,E,S,L,E,L,S,S
E,E,S,E,S,L,E,L,S,S
E,E,S,E,S,L,E,L,S,S
E,E,S,E,S,L,E,L,S,S
E,E,S,E,S,L,E,L,S,S
E,E,S,E,S,L,E,L,S,S
E,E,S,E,S,L,E,L,S,S
E,E,S,E,S,L,E,L,S,S
E,E,S,E,S,L,E,L,S,S
E,E,S,E,S,L,E,L,S,S
E,E,S,E,S,L,E,L,S,S
E,E,S,E,S,L,E,L,S,S
E,E,S,E,S,L,E,L,S,S
E,E,S,E,S,L,E,L,S,S
E,E,S,E,S,L,E,L,S,S
E,E,S,E,S,L,E,L,S,S
E,E,S,E,S,L,E,L,S,S
S,E,S,E,S,E,S,L,S,E
S,E,S,E,S,E,S,L,S,E
S,E,S,E,S,E,S,L,S,E
S,E,S,E,S,E,S,L,S,E
S,E,S,E,S,E,S,L,S,E
S,E,S,E,S,E,S,L,S,E
S,E,S,E,S,E,S,L,S,E
S,E,S,E,S,E,S,L,S,E
S,E,S,E,S,E,S,L,S,E
S,E,S,E,S,E,S,L,S,E
S,E,S,E,S,E,S,L,S,E
S,E,S,E,S,E,S,L,S,E
S,E,S,E,S,E,S,L,S,E
S,E,S,E,S,E,S,L,S,E
S,E,S,E,S,E,S,L,S,E
S,E,S,E,S,E,S,L,S,E
S,E,S,E,S,E,S,L,S,E
S,E,S,E,S,E,S,L,S,E
S,E,S,E,S,E,S,L,S,E
S,E,S,E,S,E,S,L,S,E
S,E,S,E,S,E,S,L,S,E
S,E,S,E,S,E,S,L,S,E
S,E,S,E,S,E,S,L,S,E
S,E,S,E,S,E,S,L,S,E
S,E,S,E,S,E,S,L,S,E
S,E,S,E,S,E,S,L,S,E
S,E,S,E,S,E,S,L,S,E
S,E,S,E,S,E,S,L,S,E
S,E,S,E,S,E,S,L,S,E
S,E,S,E,S,E,S,L,S,E
S,E,S,E,S,E,S,L,S,E
S,E,S,E,S,E,S,L,S,E
S,E,S,E,S,E,S,L,S,E
S,E,S,E,S,E,S,L,S,E
S,E,S,E,S,E,S,L,S,E
S,E,S,E,S,E,S,L,S,E
S,E,S,E,S,E,S,L,S,E
S,E,S,E,S,E,S,L,S,E
S,E,S,E,S,E,S,L,S,E
S,E,S,E,S,E,S,L,S,E
S,E,S,E,S,E,S,L,S,E
S,E,S,E,S,E,S,L,S,E
S,E,S,E,S,E,S,L,S,E
S,E,S,E,S,E,S,L,S,E
S,E,S,E,S,E,S,L,S,E
S,E,S,E,S,E,S,L,S,E
S,E,S,E,S,E,S,L,S,E
S,E,S,E,S,E,S,L,S,E
S,E,S,E,S,E,S,L,S,E
S,E,S,E,S,E,S,L,S,E
S,E,S,E,S,E,S,L,S,E
S,E,S,E,S,E,S,L,S,E
S,E,S,E,S,E,S,L,S,E
S,E,S,E,S,E,S,L,S,E
S,E,S,E,S,E,S,L,S,E
S,E,S,E,S,E,S,L,S,E
S,E,S,E,S,E,S,L,S,E
S,E,S,E,S,E,S,L,S,E
S,E,S,E,S,E,S,L,S,E
S,E,S,E,S,E,S,L,S,E
S,E,S,E,S,E,S,E,E,E
S,E,S,E,S,E,S,E,E,E
S,E,S,E,S,E,S,E,E,E
S,E,S,E,S,E,S,E,E,E
S,E,S,E,S,E,S,E,E,E
S,E,S,E,S,E,S,E,E,E
S,E,S,E,S,E,S,E,E,E
S,E,S,E,S,E,S,E,E,E
S,E,S,E,S,E,S,E,E,E
S,E,S,E,S,E,S,E,E,E
S,E,S,E,S,E,S,E,E,E
S,E,S,E,S,E,S,E,E,E
S,E,S,E,S,E,S,E,E,E
S,E,S,E,S,E,S,E,E,E
S,E,S,E,S,E,S,E,E,E
S,E,S,E,S,E,S,E,E,E
S,E,S,E,S,E,S,E,E,E
S,E,S,E,S,E,S,E,E,E
S,E,S,E,S,E,S,E,E,E
S,E,S,E,S,E,S,E,E,E
S,E,S,E,S,E,S,E,E,E
S,E,S,E,S,E,S,E,E,E
S,E,S,E,S,E,S,E,E,E
S,E,S,E,S,E,S,E,E,E
S,E,S,E,S,E,S,E,E,E
S,E,S,E,S,E,S,E,E,E
S,E,S,E,S,E,S,E,E,E
S,E,S,E,S,E,S,E,E,E
S,E,S,E,S,E,S,E,E,E
S,E,S,E,S,E,S,E,E,E
S,E,S,E,S,E,S,E,E,E
S,E,S,E,S,E,S,E,E,E
S,E,S,E,S,E,S,E,E,E
S,E,S,E,S,E,S,E,E,E
S,E,S,E,S,E,S,E,E,E
S,E,S,E,S,E,S,E,E,E
S,E,S,E,S,E,S,E,E,E
S,E,S,E,S,E,S,E,E,E
S,E,S,E,S,E,S,E,E,E
S,E,S,E,S,E,S,E,E,E
S,E,S,E,S,E,S,E,E,E
S,E,S,E,S,E,S,E,E,E
S,E,S,E,S,E,S,E,E,E
S,E,S,E,S,E,S,E,E,E
S,E,S,E,S,E,S,E,E,E
S,E,S,E,S,E,S,E,E,E
S,E,S,E,S,E,S,E,E,E
S,E,S,E,S,E,S,E,E,E
S,E,S,E,S,E,S,E,E,E
S,E,S,E,S,E,S,E,E,E
S,E,S,E,S,E,S,E,E,E
S,E,S,E,S,E,S,E,E,E
S,E,S,E,S,E,S,E,E,E
S,E,S,E,S,E,S,E,E,E
S,E,S,E,S,E,S,E,E,E
S,E,S,E,S,E,S,E,E,E
S,E,S,E,S,E,S,E,E,E
S,E,S,E,S,E,S,E,E,E
S,E,S,E,S,E,S,E,E,E
S,E,S,E,S,E,S,E,E,E
S,E,S,L,E,E,S,E,S,E
S,E,S,L,E,E,S,E,S,E
S,E,S,L,E,E,S,E,S,E
S,E,S,L,E,E,S,E,S,E
S,E,S,L,E,E,S,E,S,E
S,E,S,L,E,E,S,E,S,E
S,E,S,L,E,E,S,E,S,E
S,E,S,L,E,E,S,E,S,E
S,E,S,L,E,E,S,E,S,E
S,E,S,L,E,E,S,E,S,E
S,E,S,L,E,E,S,E,S,E
S,E,S,L,E,E,S,E,S,E
S,E,S,L,E,E,S,E,S,E
S,E,S,L,E,E,S,E,S,E
S,E,S,L,E,E,S,E,S,E
S,E,S,L,E,E,S,E,S,E
S,E,S,L,E,E,S,E,S,E
S,E,S,L,E,E,S,E,S,E
S,E,S,L,E,E,S,E,S,E
S,E,S,L,E,E,S,E,S,E
S,E,S,L,E,E,S,E,S,E
S,E,S,L,E,E,S,E,S,E
S,E,S,L,E,E,S,E,S,E
S,E,S,L,E,E,S,E,S,E
S,E,S,L,E,E,S,E,S,E
S,E,S,L,E,E,S,E,S,E
S,E,S,L,E,E,S,E,S,E
S,E,S,L,E,E,S,E,S,E
S,E,S,L,E,E,S,E,S,E
S,E,S,L,E,E,S,E,S,E
S,E,S,L,E,E,S,E,S,E
S,E,S,L,E,E,S,E,S,E
S,E,S,L,E,E,S,E,S,E
S,E,S,L,E,E,S,E,S,E
S,E,S,L,E,E,S,E,S,E
S,E,S,L,E,E,S,E,S,E
S,E,S,L,E,E,S,E,S,E
S,E,S,L,E,E,S,E,S,E
S,E,S,L,E,E,S,E,S,E
S,E,S,L,E,E,S,E,S,E
S,E,S,L,E,E,S,E,S,E
S,E,S,L,E,E,S,E,S,E
S,E,S,L,E,E,S,E,S,E
S,E,S,L,E,E,S,E,S,E
S,E,S,L,E,E,S,E,S,E
S,E,S,L,E,E,S,E,S,E
S,E,S,L,E,E,S,E,S,E
S,E,S,L,E,E,S,E,S,E
S,E,S,L,E,E,S,E,S,E
S,E,S,L,E,E,S,E,S,E
S,E,S,L,E,E,S,E,S,E
S,E,S,L,E,E,S,E,S,E
S,E,S,L,E,E,S,E,S,E
S,E,S,L,E,E,S,E,S,E
S,E,S,L,E,E,S,E,S,E
S,E,S,L,E,E,S,E,S,E
S,E,S,L,E,E,S,E,S,E
S,E,S,L,E,E,S,E,S,E
S,E,S,L,E,E,S,E,S,E
S,E,S,L,E,E,S,E,S,E
L,L,L,L,L,L,L,L,L,L
L,L,L,L,L,L,L,L,L,L
L,L,L,L,L,L,L,L,L,L
L,L,L,L,L,L,L,L,L,L
L,L,L,L,L,L,L,L,L,L
L,L,L,L,L,L,L,L,L,L
L,L,L,L,L,L,L,L,L,L
L,L,L,L,L,L,L,L,L,L
L,L,L,L,L,L,L,L,L,L
L,L,L,L,L,L,L,L,L,L
L,L,L,L,L,L,L,L,L,L
L,L,L,L,L,L,L,L,L,L
L,L,L,L,L,L,L,L,L,L
L,L,L,L,L,L,L,L,L,L
L,L,L,L,L,L,L,L,L,L
L,L,L,L,L,L,L,L,L,L
L,L,L,L,L,L,L,L,L,L
L,L,L,L,L,L,L,L,L,L
L,L,L,L,L,L,L,L,L,L
L,L,L,L,L,L,L,L,L,L
L,L,L,L,L,L,L,L,L,L
L,L,L,L,L,L,L,L,L,L
L,L,L,L,L,L,L,L,L,L
L,L,L,L,L,L,L,L,L,L
L,L,L,L,L,L,L,L,L,L
L,L,L,L,L,L,L,L,L,L
L,L,L,L,L,L,L,L,L,L
L,L,L,L,L,L,L,L,L,L
L,L,L,L,L,L,L,L,L,L
L,L,L,L,L,L,L,L,L,L
L,L,L,L,L,L,L,L,L,L
L,L,L,L,L,L,L,L,L,L
L,L,L,L,L,L,L,L,L,L
L,L,L,L,L,L,L,L,L,L
L,L,L,L,L,L,L,L,L,L
L,L,L,L,L,L,L,L,L,L
L,L,L,L,L,L,L,L,L,L
L,L,L,L,L,L,L,L,L,L
L,L,L,L,L,L,L,L,L,L
L,L,L,L,L,L,L,L,L,L
L,L,L,L,L,L,L,L,L,L
L,L,L,L,L,L,L,L,L,L
L,L,L,L,L,L,L,L,L,L
L,L,L,L,L,L,L,L,L,L
L,L,L,L,L,L,L,L,L,L
L,L,L,L,L,L,L,L,L,L
L,L,L,L,L,L,L,L,L,L
L,L,L,L,L,L,L,L,L,L
L,L,L,L,L,L,L,L,L,L
L,L,L,L,L,L,L,L,L,L
L,L,L,L,L,L,L,L,L,L
L,L,L,L,L,L,L,L,L,L
L,L,L,L,L,L,L,L,L,L
L,L,L,L,L,L,L,L,L,L
L,L,L,L,L,L,L,L,L,L
L,L,L,L,L,L,L,L,L,L
L,L,L,L,L,L,L,L,L,L
L,L,L,L,L,L,L,L,L,L
L,L,L,L,L,L,L,L,L,L
L,L,L,L,L,L,L,L,L,L
L,L,L,L,L,L,L,L,L,L
L,L,L,L,L,L,L,L,L,L
L,L,L,L,L,L,L,L,L,L
L,L,L,L,L,L,L,L,L,L
L,L,L,L,L,L,L,L,L,L
L,L,L,L,L,L,L,L,L,L
L,L,L,L,L,L,L,L,L,L
L,L,L,L,L,L,L,L,L,L
L,L,L,L,L,L,L,L,L,L
L,L,L,L,L,L,L,L,L,L
L,L,L,L,L,L,L,L,L,L
L,L,L,L,L,L,L,L,L,L
L,L,L,L,L,L,L,L,L,L
L,L,L,L,L,L,L,L,L,L
L,L,L,L,L,L,L,L,L,L
L,L,L,L,L,L,L,L,L,L
L,L,L,L,L,L,L,L,L,L
L,L,L,L,L,L,L,L,L,L
L,L,L,L,L,L,L,L,L,L
L,L,L,L,L,L,L,L,L,L
L,L,L,L,L,L,L,L,L,L
L,L,L,L,L,L,L,L,L,L
L,L,L,L,L,L,L,L,L,L
L,L,L,L,L,L,L,L,L,L
L,L,L,L,L,L,L,L,L,L
L,L,L,L,L,L,L,L,L,L
L,L,L,L,L,L,L,L,L,L
L,L,L,L,L,L,L,L,L,L
L,L,L,L,L,L,L,L,L,L
L,L,L,L,L,L,L,L,L,L
L,L,L,L,L,L,L,L,L,L
L,L,L,L,L,L,L,L,L,L
L,L,L,L,L,L,L,L,L,L
L,L,L,L,L,L,L,L,L,L
L,L,L,L,L,L,L,L,L,L
L,L,L,L,L,L,L,L,L,L
L,L,L,L,L,L,L,L,L,L
L,L,L,L,L,L,L,L,L,L
L,L,L,L,L,L,L,L,L,L
L,L,L,L,L,L,L,L,L,L
L,L,L,L,L,L,L,L,L,L
L,L,L,L,L,L,L,L,L,L
L,L,L,L,L,L,L,L,L,L
L,L,L,L,L,L,L,L,L,L
L,L,L,L,L,L,L,L,L,L
L,L,L,L,L,L,L,L,L,L
L,L,L,L,L,L,L,L,L,L
L,L,L,L,L,L,L,L,L,L
L,L,L,L,L,L,L,L,L,L
L,L,L,L,L,L,L,L,L,L
L,L,L,L,L,L,L,L,L,L
L,L,L,L,L,L,L,L,L,L
L,L,L,L,L,L,L,L,L,L
L,L,L,L,L,L,L,L,L,L
L,L,L,L,L,L,L,L,L,L
L,L,L,L,L,L,L,L,L,L
L,L,L,L,L,L,L,L,L,L
L,L,L,L,L,L,L,L,L,L
L,L,L,L,L,L,L,L,L,L
L,L,L,L,L,L,L,L,L,L
S,E,S,L,L,L,L,E,L,S
S,E,S,L,L,L,L,E,L,S
S,E,S,L,L,L,L,E,L,S
S,E,S,L,L,L,L,E,L,S
S,E,S,L,L,L,L,E,L,S
S,E,S,L,L,L,L,E,L,S
S,E,S,L,L,L,L,E,L,S
S,E,S,L,L,L,L,E,L,S
S,E,S,L,L,L,L,E,L,S
S,E,S,L,L,L,L,E,L,S
S,E,S,L,L,L,L,E,L,S
S,E,S,L,L,L,L,E,L,S
S,E,S,L,L,L,L,E,L,S
S,E,S,L,L,L,L,E,L,S
S,E,S,L,L,L,L,E,L,S
S,E,S,L,L,L,L,E,L,S
S,E,S,L,L,L,L,E,L,S
S,E,S,L,L,L,L,E,L,S
S,E,S,L,L,L,L,E,L,S
S,E,S,L,L,L,L,E,L,S
S,E,S,L,L,L,L,E,L,S
S,E,S,L,L,L,L,E,L,S
S,E,S,L,L,L,L,E,L,S
S,E,S,L,L,L,L,E,L,S
S,E,S,L,L,L,L,E,L,S
S,E,S,L,L,L,L,E,L,S
S,E,S,L,L,L,L,E,L,S
S,E,S,L,L,L,L,E,L,S
S,E,S,L,L,L,L,E,L,S
S,E,S,L,L,L,L,E,L,S
S,E,S,L,L,L,L,E,L,S
S,E,S,L,L,L,L,E,L,S
S,E,S,L,L,L,L,E,L,S
S,E,S,L,L,L,L,E,L,S
S,E,S,L,L,L,L,E,L,S
S,E,S,L,L,L,L,E,L,S
S,E,S,L,L,L,L,E,L,S
S,E,S,L,L,L,L,E,L,S
S,E,S,L,L,L,L,E,L,S
S,E,S,L,L,L,L,E,L,S
S,E,S,L,L,L,L,E,L,S
S,E,S,L,L,L,L,E,L,S
S,E,S,L,L,L,L,E,L,S
S,E,S,L,L,L,L,E,L,S
S,E,S,L,L,L,L,E,L,S
S,E,S,L,L,L,L,E,L,S
S,E,S,L,L,L,L,E,L,S
S,E,S,L,L,L,L,E,L,S
S,E,S,L,L,L,L,E,L,S
S,E,S,L,L,L,L,E,L,S
S,E,S,L,L,L,L,E,L,S
S,E,S,L,L,L,L,E,L,S
S,E,S,L,L,L,L,E,L,S
S,E,S,L,L,L,L,E,L,S
S,E,S,L,L,L,L,E,L,S
S,E,S,L,L,L,L,E,L,S
S,E,S,L,L,L,L,E,L,S
S,E,S,L,L,L,L,E,L,S
S,E,S,L,L,L,L,E,L,S
S,E,S,L,L,L,L,E,L,S
L,E,L,E,S,E,L,L,S,S
L,E,L,E,S,E,L,L,S,S
L,E,L,E,S,E,L,L,S,S
L,E,L,E,S,E,L,L,S,S
L,E,L,E,S,E,L,L,S,S
L,E,L,E,S,E,L,L,S,S
L,E,L,E,S,E,L,L,S,S
L,E,L,E,S,E,L,L,S,S
L,E,L,E,S,E,L,L,S,S
L,E,L,E,S,E,L,L,S,S
L,E,L,E,S,E,L,L,S,S
L,E,L,E,S,E,L,L,S,S
L,E,L,E,S,E,L,L,S,S
L,E,L,E,S,E,L,L,S,S
L,E,L,E,S,E,L,L,S,S
L,E,L,E,S,E,L,L,S,S
L,E,L,E,S,E,L,L,S,S
L,E,L,E,S,E,L,L,S,S
L,E,L,E,S,E,L,L,S,S
L,E,L,E,S,E,L,L,S,S
L,E,L,E,S,E,L,L,S,S
L,E,L,E,S,E,L,L,S,S
L,E,L,E,S,E,L,L,S,S
L,E,L,E,S,E,L,L,S,S
L,E,L,E,S,E,L,L,S,S
L,E,L,E,S,E,L,L,S,S
L,E,L,E,S,E,L,L,S,S
L,E,L,E,S,E,L,L,S,S
L,E,L,E,S,E,L,L,S,S
L,E,L,E,S,E,L,L,S,S
L,E,L,E,S,E,L,L,S,S
L,E,L,E,S,E,L,L,S,S
L,E,L,E,S,E,L,L,S,S
L,E,L,E,S,E,L,L,S,S
L,E,L,E,S,E,L,L,S,S
L,E,L,E,S,E,L,L,S,S
L,E,L,E,S,E,L,L,S,S
L,E,L,E,S,E,L,L,S,S
L,E,L,E,S,E,L,L,S,S
L,E,L,E,S,E,L,L,S,S
L,E,L,E,S,E,L,L,S,S
L,E,L,E,S,E,L,L,S,S
L,E,L,E,S,E,L,L,S,S
L,E,L,E,S,E,L,L,S,S
L,E,L,E,S,E,L,L,S,S
L,E,L,E,S,E,L,L,S,S
L,E,L,E,S,E,L,L,S,S
L,E,L,E,S,E,L,L,S,S
L,E,L,E,S,E,L,L,S,S
L,E,L,E,S,E,L,L,S,S
L,E,L,E,S,E,L,L,S,S
L,E,L,E,S,E,L,L,S,S
L,E,L,E,S,E,L,L,S,S
L,E,L,E,S,E,L,L,S,S
L,E,L,E,S,E,L,L,S,S
L,E,L,E,S,E,L,L,S,S
L,E,L,E,S,E,L,L,S,S
L,E,L,E,S,E,L,L,S,S
L,E,L,E,S,E,L,L,S,S
L,E,L,E,S,E,L,L,S,S
S,E,S,L,S,E,S,L,L,S
S,E,S,L,S,E,S,L,L,S
S,E,S,L,S,E,S,L,L,S
S,E,S,L,S,E,S,L,L,S
S,E,S,L,S,E,S,L,L,S
S,E,S,L,S,E,S,L,L,S
S,E,S,L,S,E,S,L,L,S
S,E,S,L,S,E,S,L,L,S
S,E,S,L,S,E,S,L,L,S
S,E,S,L,S,E,S,L,L,S
S,E,S,L,S,E,S,L,L,S
S,E,S,L,S,E,S,L,L,S
S,E,S,L,S,E,S,L,L,S
S,E,S,L,S,E,S,L,L,S
S,E,S,L,S,E,S,L,L,S
S,E,S,L,S,E,S,L,L,S
S,E,S,L,S,E,S,L,L,S
S,E,S,L,S,E,S,L,L,S
S,E,S,L,S,E,S,L,L,S
S,E,S,L,S,E,S,L,L,S
S,E,S,L,S,E,S,L,L,S
S,E,S,L,S,E,S,L,L,S
S,E,S,L,S,E,S,L,L,S
S,E,S,L,S,E,S,L,L,S
S,E,S,L,S,E,S,L,L,S
S,E,S,L,S,E,S,L,L,S
S,E,S,L,S,E,S,L,L,S
S,E,S,L,S,E,S,L,L,S
S,E,S,L,S,E,S,L,L,S
S,E,S,L,S,E,S,L,L,S
S,E,S,L,S,E,S,L,L,S
S,E,S,L,S,E,S,L,L,S
S,E,S,L,S,E,S,L,L,S
S,E,S,L,S,E,S,L,L,S
S,E,S,L,S,E,S,L,L,S
S,E,S,L,S,E,S,L,L,S
S,E,S,L,S,E,S,L,L,S
S,E,S,L,S,E,S,L,L,S
S,E,S,L,S,E,S,L,L,S
S,E,S,L,S,E,S,L,L,S
S,E,S,L,S,E,S,L,L,S
S,E,S,L,S,E,S,L,L,S
S,E,S,L,S,E,S,L,L,S
S,E,S,L,S,E,S,L,L,S
S,E,S,L,S,E,S,L,L,S
S,E,S,L,S,E,S,L,L,S
S,E,S,L,S,E,S,L,L,S
S,E,S,L,S,E,S,L,L,S
S,E,S,L,S,E,S,L,L,S
S,E,S,L,S,E,S,L,L,S
S,E,S,L,S,E,S,L,L,S
S,E,S,L,S,E,S,L,L,S
S,E,S,L,S,E,S,L,L,S
S,E,S,L,S,E,S,L,L,S
S,E,S,L,S,E,S,L,L,S
S,E,S,L,S,E,S,L,L,S
S,E,S,L,S,E,S,L,L,S
S,E,S,L,S,E,S,L,L,S
S,E,S,L,S,E,S,L,L,S
S,E,S,L,S,E,S,L,L,S
E,E,E,E,E,E,E,E,E,E
E,E,E,E,E,E,E,E,E,E
E,E,E,E,E,E,E,E,E,E
E,E,E,E,E,E,E,E,E,E
E,E,E,E,E,E,E,E,E,E
E,E,E,E,E,E,E,E,E,E
E,E,E,E,E,E,E,E,E,E
E,E,E,E,E,E,E,E,E,E
E,E,E,E,E,E,E,E,E,E
E,E,E,E,E,E,E,E,E,E
E,E,E,E,E,E,E,E,E,E
E,E,E,E,E,E,E,E,E,E
E,E,E,E,E,E,E,E,E,E
E,E,E,E,E,E,E,E,E,E
E,E,E,E,E,E,E,E,E,E
E,E,E,E,E,E,E,E,E,E
E,E,E,E,E,E,E,E,E,E
E,E,E,E,E,E,E,E,E,E
E,E,E,E,E,E,E,E,E,E
E,E,E,E,E,E,E,E,E,E
E,E,E,E,E,E,E,E,E,E
E,E,E,E,E,E,E,E,E,E
E,E,E,E,E,E,E,E,E,E
E,E,E,E,E,E,E,E,E,E
E,E,E,E,E,E,E,E,E,E
E,E,E,E,E,E,E,E,E,E
E,E,E,E,E,E,E,E,E,E
E,E,E,E,E,E,E,E,E,E
E,E,E,E,E,E,E,E,E,E
E,E,E,E,E,E,E,E,E,E
E,E,E,E,E,E,E,E,E,E
E,E,E,E,E,E,E,E,E,E
E,E,E,E,E,E,E,E,E,E
E,E,E,E,E,E,E,E,E,E
E,E,E,E,E,E,E,E,E,E
E,E,E,E,E,E,E,E,E,E
E,E,E,E,E,E,E,E,E,E
E,E,E,E,E,E,E,E,E,E
E,E,E,E,E,E,E,E,E,E
E,E,E,E,E,E,E,E,E,E
E,E,E,E,E,E,E,E,E,E
E,E,E,E,E,E,E,E,E,E
E,E,E,E,E,E,E,E,E,E
E,E,E,E,E,E,E,E,E,E
E,E,E,E,E,E,E,E,E,E
E,E,E,E,E,E,E,E,E,E
E,E,E,E,E,E,E,E,E,E
E,E,E,E,E,E,E,E,E,E
E,E,E,E,E,E,E,E,E,E
E,E,E,E,E,E,E,E,E,E
E,E,E,E,E,E,E,E,E,E
E,E,E,E,E,E,E,E,E,E
E,E,E,E,E,E,E,E,E,E
E,E,E,E,E,E,E,E,E,E
E,E,E,E,E,E,E,E,E,E
E,E,E,E,E,E,E,E,E,E
E,E,E,E,E,E,E,E,E,E
E,E,E,E,E,E,E,E,E,E
E,E,E,E,E,E,E,E,E,E
E,E,E,E,E,E,E,E,E,E
E,E,S,E,E,E,E,E,E,E
E,E,S,E,E,E,E,E,E,E
E,E,S,E,E,E,E,E,E,E
E,E,S,E,E,E,E,E,E,E
E,E,S,E,E,E,E,E,E,E
E,E,S,E,E,E,E,E,E,E
E,E,S,E,E,E,E,E,E,E
E,E,S,E,E,E,E,E,E,E
E,E,S,E,E,E,E,E,E,E
E,E,S,E,E,E,E,E,E,E
E,E,S,E,E,E,E,E,E,E
E,E,S,E,E,E,E,E,E,E
E,E,S,E,E,E,E,E,E,E
E,E,S,E,E,E,E,E,E,E
E,E,S,E,E,E,E,E,E,E
E,E,S,E,E,E,E,E,E,E
E,E,S,E,E,E,E,E,E,E
E,E,S,E,E,E,E,E,E,E
E,E,S,E,E,E,E,E,E,E
E,E,S,E,E,E,E,E,E,E
E,E,S,E,E,E,E,E,E,E
E,E,S,E,E,E,E,E,E,E
E,E,S,E,E,E,E,E,E,E
E,E,S,E,E,E,E,E,E,E
E,E,S,E,E,E,E,E,E,E
E,E,S,E,E,E,E,E,E,E
E,E,S,E,E,E,E,E,E,E
E,E,S,E,E,E,E,E,E,E
E,E,S,E,E,E,E,E,E,E
E,E,S,E,E,E,E,E,E,E
E,E,S,E,E,E,E,E,E,E
E,E,S,E,E,E,E,E,E,E
E,E,S,E,E,E,E,E,E,E
E,E,S,E,E,E,E,E,E,E
E,E,S,E,E,E,E,E,E,E
E,E,S,E,E,E,E,E,E,E
E,E,S,E,E,E,E,E,E,E
E,E,S,E,E,E,E,E,E,E
E,E,S,E,E,E,E,E,E,E
E,E,S,E,E,E,E,E,E,E
E,E,S,E,E,E,E,E,E,E
E,E,S,E,E,E,E,E,E,E
E,E,S,E,E,E,E,E,E,E
E,E,S,E,E,E,E,E,E,E
E,E,S,E,E,E,E,E,E,E
E,E,S,E,E,E,E,E,E,E
E,E,S,E,E,E,E,E,E,E
E,E,S,E,E,E,E,E,E,E
E,E,S,E,E,E,E,E,E,E
E,E,S,E,E,E,E,E,E,E
E,E,S,E,E,E,E,E,E,E
E,E,S,E,E,E,E,E,E,E
E,E,S,E,E,E,E,E,E,E
E,E,S,E,E,E,E,E,E,E
E,E,S,E,E,E,E,E,E,E
E,E,S,E,E,E,E,E,E,E
E,E,S,E,E,E,E,E,E,E
E,E,S,E,E,E,E,E,E,E
E,E,S,E,E,E,E,E,E,E
E,E,S,E,E,E,E,E,E,E
L,L,L,L,L,L,L,L,L,L
L,L,L,L,L,L,L,L,L,L
L,L,L,L,L,L,L,L,L,L
L,L,L,L,L,L,L,L,L,L
L,L,L,L,L,L,L,L,L,L
L,L,L,L,L,L,L,L,L,L
L,L,L,L,L,L,L,L,L,L
L,L,L,L,L,L,L,L,L,L
L,L,L,L,L,L,L,L,L,L
L,L,L,L,L,L,L,L,L,L
L,L,L,L,L,L,L,L,L,L
L,L,L,L,L,L,L,L,L,L
L,L,L,L,L,L,L,L,L,L
L,L,L,L,L,L,L,L,L,L
L,L,L,L,L,L,L,L,L,L
L,L,L,L,L,L,L,L,L,L
L,L,L,L,L,L,L,L,L,L
L,L,L,L,L,L,L,L,L,L
L,L,L,L,L,L,L,L,L,L
L,L,L,L,L,L,L,L,L,L
L,L,L,L,L,L,L,L,L,L
L,L,L,L,L,L,L,L,L,L
L,L,L,L,L,L,L,L,L,L
L,L,L,L,L,L,L,L,L,L
L,L,L,L,L,L,L,L,L,L
L,L,L,L,L,L,L,L,L,L
L,L,L,L,L,L,L,L,L,L
L,L,L,L,L,L,L,L,L,L
L,L,L,L,L,L,L,L,L,L
L,L,L,L,L,L,L,L,L,L
L,L,L,L,L,L,L,L,L,L
L,L,L,L,L,L,L,L,L,L
L,L,L,L,L,L,L,L,L,L
L,L,L,L,L,L,L,L,L,L
L,L,L,L,L,L,L,L,L,L
L,L,L,L,L,L,L,L,L,L
L,L,L,L,L,L,L,L,L,L
L,L,L,L,L,L,L,L,L,L
L,L,L,L,L,L,L,L,L,L
L,L,L,L,L,L,L,L,L,L
L,L,L,L,L,L,L,L,L,L
L,L,L,L,L,L,L,L,L,L
L,L,L,L,L,L,L,L,L,L
L,L,L,L,L,L,L,L,L,L
L,L,L,L,L,L,L,L,L,L
L,L,L,L,L,L,L,L,L,L
L,L,L,L,L,L,L,L,L,L
L,L,L,L,L,L,L,L,L,L
L,L,L,L,L,L,L,L,L,L
L,L,L,L,L,L,L,L,L,L
L,L,L,L,L,L,L,L,L,L
L,L,L,L,L,L,L,L,L,L
L,L,L,L,L,L,L,L,L,L
L,L,L,L,L,L,L,L,L,L
L,L,L,L,L,L,L,L,L,L
L,L,L,L,L,L,L,L,L,L
L,L,L,L,L,L,L,L,L,L
L,L,L,L,L,L,L,L,L,L
L,L,L,L,L,L,L,L,L,L
L,L,L,L,L,L,L,L,L,L
L,L,L,L,L,L,L,L,L,L
L,L,L,L,L,L,L,L,L,L
L,L,L,L,L,L,L,L,L,L
L,L,L,L,L,L,L,L,L,L
L,L,L,L,L,L,L,L,L,L
L,L,L,L,L,L,L,L,L,L
L,L,L,L,L,L,L,L,L,L
L,L,L,L,L,L,L,L,L,L
L,L,L,L,L,L,L,L,L,L
L,L,L,L,L,L,L,L,L,L
L,L,L,L,L,L,L,L,L,L
L,L,L,L,L,L,L,L,L,L
L,L,L,L,L,L,L,L,L,L
L,L,L,L,L,L,L,L,L,L
L,L,L,L,L,L,L,L,L,L
L,L,L,L,L,L,L,L,L,L
L,L,L,L,L,L,L,L,L,L
L,L,L,L,L,L,L,L,L,L
L,L,L,L,L,L,L,L,L,L
L,L,L,L,L,L,L,L,L,L
L,L,L,L,L,L,L,L,L,L
L,L,L,L,L,L,L,L,L,L
L,L,L,L,L,L,L,L,L,L
L,L,L,L,L,L,L,L,L,L
L,L,L,L,L,L,L,L,L,L
L,L,L,L,L,L,L,L,L,L
L,L,L,L,L,L,L,L,L,L
L,L,L,L,L,L,L,L,L,L
L,L,L,L,L,L,L,L,L,L
L,L,L,L,L,L,L,L,L,L
L,L,L,L,L,L,L,L,L,L
L,L,L,L,L,L,L,L,L,L
L,L,L,L,L,L,L,L,L,L
L,L,L,L,L,L,L,L,L,L
L,L,L,L,L,L,L,L,L,L
L,L,L,L,L,L,L,L,L,L
L,L,L,L,L,L,L,L,L,L
L,L,L,L,L,L,L,L,L,L
L,L,L,L,L,L,L,L,L,L
L,L,L,L,L,L,L,L,L,L
L,L,L,L,L,L,L,L,L,L
L,L,L,L,L,L,L,L,L,L
L,L,L,L,L,L,L,L,L,L
L,L,L,L,L,L,L,L,L,L
L,L,L,L,L,L,L,L,L,L
L,L,L,L,L,L,L,L,L,L
L,L,L,L,L,L,L,L,L,L
L,L,L,L,L,L,L,L,L,L
L,L,L,L,L,L,L,L,L,L
L,L,L,L,L,L,L,L,L,L
L,L,L,L,L,L,L,L,L,L
L,L,L,L,L,L,L,L,L,L
L,L,L,L,L,L,L,L,L,L
L,L,L,L,L,L,L,L,L,L
L,L,L,L,L,L,L,L,L,L
L,L,L,L,L,L,L,L,L,L
L,L,L,L,L,L,L,L,L,L
L,L,L,L,L,L,L,L,L,L
L,L,L,L,L,L,L,L,L,L
L,L,L,L,L,L,L,L,L,L
L,L,L,L,L,L,L,L,L,L
L,L,L,L,L,L,L,L,L,L
L,L,L,L,L,L,L,L,L,L
L,L,L,L,L,L,L,L,L,L
L,L,L,L,L,L,L,L,L,L
L,L,L,L,L,L,L,L,L,L
L,L,L,L,L,L,L,L,L,L
L,L,L,L,L,L,L,L,L,L
L,L,L,L,L,L,L,L,L,L
L,L,L,L,L,L,L,L,L,L
L,L,L,L,L,L,L,L,L,L
L,L,L,L,L,L,L,L,L,L
L,L,L,L,L,L,L,L,L,L
L,L,L,L,L,L,L,L,L,L
L,L,L,L,L,L,L,L,L,L
L,L,L,L,L,L,L,L,L,L
L,L,L,L,L,L,L,L,L,L
L,L,L,L,L,L,L,L,L,L
L,L,L,L,L,L,L,L,L,L
L,L,L,L,L,L,L,L,L,L
L,L,L,L,L,L,L,L,L,L
L,L,L,L,L,L,L,L,L,L
L,L,L,L,L,L,L,L,L,L
L,L,L,L,L,L,L,L,L,L
L,L,L,L,L,L,L,L,L,L
L,L,L,L,L,L,L,L,L,L
L,L,L,L,L,L,L,L,L,L
L,L,L,L,L,L,L,L,L,L
L,L,L,L,L,L,L,L,L,L
L,L,L,L,L,L,L,L,L,L
L,L,L,L,L,L,L,L,L,L
L,L,L,L,L,L,L,L,L,L
L,L,L,L,L,L,L,L,L,L
L,L,L,L,L,L,L,L,L,L
L,L,L,L,L,L,L,L,L,L
L,L,L,L,L,L,L,L,L,L
L,L,L,L,L,L,L,L,L,L
L,L,L,L,L,L,L,L,L,L
L,L,L,L,L,L,L,L,L,L
L,L,L,L,L,L,L,L,L,L
L,L,L,L,L,L,L,L,L,L
L,L,L,L,L,L,L,L,L,L
L,L,L,L,L,L,L,L,L,L
L,L,L,L,L,L,L,L,L,L
L,L,L,L,L,L,L,L,L,L
L,L,L,L,L,L,L,L,L,L
L,L,L,L,L,L,L,L,L,L
L,L,L,L,L,L,L,L,L,L
L,L,L,L,L,L,L,L,L,L
L,L,L,L,L,L,L,L,L,L
L,L,L,L,L,L,L,L,L,L
L,L,L,L,L,L,L,L,L,L
L,L,L,L,L,L,L,L,L,L
L,L,L,L,L,L,L,L,L,L
L,L,L,L,L,L,L,L,L,L
L,L,L,L,L,L,L,L,L,L
L,L,L,L,L,L,L,L,L,L
L,L,L,L,L,L,L,L,L,L
L,L,L,L,L,L,L,L,L,L
L,L,L,L,L,L,L,L,L,L
L,L,L,L,L,L,L,L,L,L
L,L,L,L,L,L,L,L,L,L
L,L,L,L,L,L,L,L,L,L
L,L,L,L,L,L,L,L,L,L
L,L,L,L,L,L,L,L,L,L
L,L,L,L,L,L,L,L,L,L
L,L,L,L,L,L,L,L,L,L
L,L,L,L,L,L,L,L,L,L
L,L,L,L,L,L,L,L,L,L
L,L,L,L,L,L,L,L,L,L
L,L,L,L,L,L,L,L,L,L
L,L,L,L,L,L,L,L,L,L
L,L,L,L,L,L,L,L,L,L
L,L,L,L,L,L,L,L,L,L
L,L,L,L,L,L,L,L,L,L
L,L,L,L,L,L,L,L,L,L
L,L,L,L,L,L,L,L,L,L
L,L,L,L,L,L,L,L,L,L
L,L,L,L,L,L,L,L,L,L
L,L,L,L,L,L,L,L,L,L
L,L,L,L,L,L,L,L,L,L
L,L,L,L,L,L,L,L,L,L
L,L,L,L,L,L,L,L,L,L
L,L,L,L,L,L,L,L,L,L
L,L,L,L,L,L,L,L,L,L
L,L,L,L,L,L,L,L,L,L
L,L,L,L,L,L,L,L,L,L
L,L,L,L,L,L,L,L,L,L
L,L,L,L,L,L,L,L,L,L
L,L,L,L,L,L,L,L,L,L
L,L,L,L,L,L,L,L,L,L
L,L,L,L,L,L,L,L,L,L
L,L,L,L,L,L,L,L,L,L
L,L,L,L,L,L,L,L,L,L
L,L,L,L,L,L,L,L,L,L
L,L,L,L,L,L,L,L,L,L
L,L,L,L,L,L,L,L,L,L
L,L,L,L,L,L,L,L,L,L
L,L,L,L,L,L,L,L,L,L
L,L,L,L,L,L,L,L,L,L
L,L,L,L,L,L,L,L,L,L
L,L,L,L,L,L,L,L,L,L
L,L,L,L,L,L,L,L,L,L
L,L,L,L,L,L,L,L,L,L
L,L,L,L,L,L,L,L,L,L
L,L,L,L,L,L,L,L,L,L
L,L,L,L,L,L,L,L,L,L
L,L,L,L,L,L,L,L,L,L
L,L,L,L,L,L,L,L,L,L
L,L,L,L,L,L,L,L,L,L
L,L,L,L,L,L,L,L,L,L
L,L,L,L,L,L,L,L,L,L
L,L,L,L,L,L,L,L,L,L
L,L,L,L,L,L,L,L,L,L
L,L,L,L,L,L,L,L,L,L
L,L,L,L,L,L,L,L,L,L
L,L,L,L,L,L,L,L,L,L
L,L,L,L,L,L,L,L,L,L
L,L,L,L,L,L,L,L,L,L
L,L,L,L,L,L,L,L,L,L
L,L,L,L,L,L,L,L,L,L
L,L,L,L,L,L,L,L,L,L
L,L,L,L,L,L,L,L,L,L
L,L,L,L,L,L,L,L,L,L
L,L,L,L,L,L,L,L,L,L
L,L,L,L,L,L,L,L,L,L
L,L,L,L,L,L,L,L,L,L
L,L,L,L,L,L,L,L,L,L
L,L,L,L,L,L,L,L,L,L
L,L,L,L,L,L,L,L,L,L
L,L,L,L,L,L,L,L,L,L
L,L,L,L,L,L,L,L,L,L
L,L,L,L,L,L,L,L,L,L
L,L,L,L,L,L,L,L,L,L
L,L,L,L,L,L,L,L,L,L
L,L,L,L,L,L,L,L,L,L
L,L,L,L,L,L,L,L,L,L
L,L,L,L,L,L,L,L,L,L
L,L,L,L,L,L,L,L,L,L
L,L,L,L,L,L,L,L,L,L
L,L,L,L,L,L,L,L,L,L
L,L,L,L,L,L,L,L,L,L
L,L,L,L,L,L,L,L,L,L
L,L,L,L,L,L,L,L,L,L
L,L,L,L,L,L,L,L,L,L
L,L,L,L,L,L,L,L,L,L
L,L,L,L,L,L,L,L,L,L
L,L,L,L,L,L,L,L,L,L
L,L,L,L,L,L,L,L,L,L
L,L,L,L,L,L,L,L,L,L
L,L,L,L,L,L,L,L,L,L
L,L,L,L,L,L,L,L,L,L
L,L,L,L,L,L,L,L,L,L
L,L,L,L,L,L,L,L,L,L
L,L,L,L,L,L,L,L,L,L
L,L,L,L,L,L,L,L,L,L
L,L,L,L,L,L,L,L,L,L
L,L,L,L,L,L,L,L,L,L
L,L,L,L,L,L,L,L,L,L
L,L,L,L,L,L,L,L,L,L
L,L,L,L,L,L,L,L,L,L
L,L,L,L,L,L,L,L,L,L
L,L,L,L,L,L,L,L,L,L
L,L,L,L,L,L,L,L,L,L
L,L,L,L,L,L,L,L,L,L
L,L,L,L,L,L,L,L,L,L
L,L,L,L,L,L,L,L,L,L
L,L,L,L,L,L,L,L,L,L
L,L,L,L,L,L,L,L,L,L
L,L,L,L,L,L,L,L,L,L
L,L,L,L,L,L,L,L,L,L
L,L,L,L,L,L,L,L,L,L
L,L,L,L,L,L,L,L,L,L
L,L,L,L,L,L,L,L,L,L
L,L,L,L,L,L,L,L,L,L
L,L,L,L,L,L,L,L,L,L
L,L,L,L,L,L,L,L,L,L
L,L,L,L,L,L,L,L,L,L
L,L,L,L,L,L,L,L,L,L
L,L,L,L,L,L,L,L,L,L
